SOURCE ,DESTINATION,DISTANCE ,MINI,SEDAN,ERTIGA,INNOVA
RANNOFKUTCH,BHUJ,81,3000,3300,4200,6800
RANNOFKUTCH,GANDHIDHAM,136,4500,4800,6000,8800
RANNOFKUTCH,ANJAR,120,4500,4800,6000,8800
RANNOFKUTCH,MUNDRA,139,4500,4800,6000,8800
RANNOFKUTCH,AHMEDABAD AIRPORT ,420,7000,7300,9000,14500
RANNOFKUTCH,AHMEDABAD ,408,7000,7300,9000,14500
RANNOFKUTCH,RAJKOT,308,5500,5800,7000,12500
RANNOFKUTCH,RAJKOT AIRPORT,325,5800,6200,7500,13500
RANNOFKUTCH,MUMBAI,940,14000,14500,18000,28000
RANNOFKUTCH,VADODARA ,515,8500,8800,11000,18000
RANNOFKUTCH,PALANPUR ,358,7000,7300,9000,14500
RANNOFKUTCH,MANDVI,140,4500,4800,6000,8800
RANNOFKUTCH,DWARKA,490,8800,9200,11000,22000
RANNOFKUTCH,SOMNATH,500,8800,9200,11000,22000
RANNOFKUTCH,SURAT,680,9500,10000,13000,21500
RANNOFKUTCH,ANAND,480,8300,8800,11000,18500
RANNOFKUTCH,NADIYAD,470,8300,8800,11000,18500
RANNOFKUTCH,DHOLAVIRA,90,3000,3500,4500,7000
RANNOFKUTCH,NARAYAN SAROVAR,115,3300,3600,5000,8500
RANNOFKUTCH,MATANAMADH,95,8300,8800,11000,18500
RANNOFKUTCH,JUNAGADH,415,6300,7000,9200,14500
RANNOFKUTCH,PUNE,1070,17000,17500,22000,33000
RANNOFKUTCH,KANDLA AIRPORT ,135,4500,4800,6000,8800
RANNOFKUTCH,AHMEDABAD RAILWAY STATION,415,7000,7300,9000,14500
RANNOFKUTCH,BHUJ AIPORT,78,3000,3300,4200,6800
RANNOFKUTCH,BHUJ RAILWAY STATION,80,3000,3300,4200,6800
RANNOFKUTCH,HIRASAR AIRPORT,325,5500,5800,7000,12500
RANNOFKUTCH,JAMNAGAR,340,5500,5800,7000,12500
RANNOFKUTCH,MORBI,245,5500,5800,7000,12500
RANNOFKUTCH,WANKANER,275,5500,5800,7000,12500
RANNOFKUTCH,CHOTILA,310,5500,5800,7000,12500
RANNOFKUTCH,STATUE OF UNITY,610,9300,9600,12500,21500
RANNOFKUTCH,BHAVNAGAR,500,7000,7500,9500,15500
RANNOFKUTCH,MOUNT ABU,441,7500,8000,10500,18500
RANNOFKUTCH,AMBAJI,418,7000,7300,9000,14500
RANNOFKUTCH,ABU ROAD,410,7000,7300,9000,14500
RANNOFKUTCH,VERAVAL RAILWAY STATION,495,8800,9200,11000,22000
RANNOFKUTCH,GANDHIDHAM RAILWAY STATION,142,4500,4800,6000,8800
BHUJ,RANNOFKUTCH,81,3000,3300,4200,6800
GANDHIDHAM,RANNOFKUTCH,136,4500,4800,6000,8800
ANJAR,RANNOFKUTCH,120,4500,4800,6000,8800
MUNDRA,RANNOFKUTCH,139,4500,4800,6000,8800
AHMEDABAD AIRPORT ,RANNOFKUTCH,420,7000,7300,9000,14500
AHMEDABAD ,RANNOFKUTCH,408,7000,7300,9000,14500
RAJKOT,RANNOFKUTCH,308,5500,5800,7000,12500
RAJKOT AIRPORT,RANNOFKUTCH,325,5800,6200,7500,13500
MUMBAI,RANNOFKUTCH,940,14000,14500,18000,28000
VADODARA ,RANNOFKUTCH,515,8500,8800,11000,18000
PALANPUR ,RANNOFKUTCH,358,7000,7300,9000,14500
MANDVI,RANNOFKUTCH,140,4500,4800,6000,8800
DWARKA,RANNOFKUTCH,490,8800,9200,11000,22000
SOMNATH,RANNOFKUTCH,500,8800,9200,11000,22000
SURAT,RANNOFKUTCH,680,9500,10000,13000,21500
ANAND,RANNOFKUTCH,480,8300,8800,11000,18500
NADIYAD,RANNOFKUTCH,470,8300,8800,11000,18500
DHOLAVIRA,RANNOFKUTCH,90,3000,3500,4500,7000
NARAYAN SAROVAR,RANNOFKUTCH,115,3300,3600,5000,8500
MATANAMADH,RANNOFKUTCH,95,8300,8800,11000,18500
JUNAGADH,RANNOFKUTCH,415,6300,7000,9200,14500
PUNE,RANNOFKUTCH,1070,17000,17500,22000,33000
KANDLA AIRPORT ,RANNOFKUTCH,135,4500,4800,6000,8800
AHMEDABAD RAILWAY STATION,RANNOFKUTCH,415,7000,7300,9000,14500
BHUJ AIPORT,RANNOFKUTCH,78,3000,3300,4200,6800
BHUJ RAILWAY STATION,RANNOFKUTCH,80,3000,3300,4200,6800
HIRASAR AIRPORT,RANNOFKUTCH,325,5500,5800,7000,12500
JAMNAGAR,RANNOFKUTCH,340,5500,5800,7000,12500
MORBI,RANNOFKUTCH,245,5500,5800,7000,12500
WANKANER,RANNOFKUTCH,275,5500,5800,7000,12500
CHOTILA,RANNOFKUTCH,310,5500,5800,7000,12500
STATUE OF UNITY,RANNOFKUTCH,610,9300,9600,12500,21500
BHAVNAGAR,RANNOFKUTCH,500,7000,7500,9500,15500
MOUNT ABU,RANNOFKUTCH,441,7500,8000,10500,18500
AMBAJI,RANNOFKUTCH,418,7000,7300,9000,14500
ABU ROAD,RANNOFKUTCH,410,7000,7300,9000,14500
VERAVAL RAILWAY STATION,RANNOFKUTCH,495,8800,9200,11000,22000
GANDHIDHAM RAILWAY STATION,RANNOFKUTCH,142,4500,4800,6000,8800
BHUJ ,GANDHIDHAM,60,1600,1800,2500,5000
BHUJ,ADIPUR,55,1600,1800,2500,5000
BHUJ,ANJAR,45,1600,1800,2500,5000
BHUJ,MUNDRA,50,1600,1800,2500,5000
BHUJ,MANDVI,45,1600,1800,2500,5000
BHUJ,NALIYA,100,2300,2500,3000,6000
BHUJ,KANDLA PORT,70,1800,2000,2800,5500
BHUJ,MUNDRA PORT,60,1800,2000,2800,5500
BHUJ,KANDLA AIRPORT,50,1600,1800,2500,5000
BHUJ,NALIYA AIRFORCE,100,2300,2500,3000,6000
BHUJ,NALIYA COST GUARD,100,2300,2500,3000,6000
BHUJ,JAKHAU PORT,135,2800,3000,3600,7000
BHUJ,BHACHAU,85,2200,2500,3600,6000
BHUJ,SAMKHIYALI ,130,2800,3000,3600,7000
BHUJ,RAPAR,130,2800,3000,3600,7000
BHUJ,DHOLAVIRA,130,3300,3600,4500,7000
BHUJ,ADANI POWER PLANT,100,2000,2300,3000,4500
BHUJ,TATA SOLAR,100,2000,2300,3000,4500
BHUJ,BHUJ HOTEL,20,999,1200,1800,3500
BHUJ,NAKHATRANA,50,1600,1800,2500,5000
BHUJ,KERA,20,1200,1500,2300,4500
BHUJ,BALDIA,20,1200,1500,2300,4500
BHUJ,NARANPAR,20,1200,1500,2300,4500
BHUJ,RAMPAR VEKRA,20,1200,1500,2300,4500
BHUJ,NARAYAN SAROVAR,160,3300,3800,4800,7000
BHUJ,MATANAMADH,100,2500,2800,3600,5500
GANDHIDHAM,BHUJ,60,1600,1800,2500,5000
ADIPUR,BHUJ,55,1600,1800,2500,5000
ANJAR,BHUJ,45,1600,1800,2500,5000
MUNDRA,BHUJ,50,1600,1800,2500,5000
MANDVI,BHUJ,45,1600,1800,2500,5000
NALIYA,BHUJ,100,2300,2500,3000,6000
KANDLA PORT,BHUJ,70,1800,2000,2800,5500
MUNDRA PORT,BHUJ,60,1800,2000,2800,5500
KANDLA AIRPORT,BHUJ,50,1600,1800,2500,5000
NALIYA AIRFORCE,BHUJ,100,2300,2500,3000,6000
NALIYA COST GUARD,BHUJ,100,2300,2500,3000,6000
JAKHAU PORT,BHUJ,135,2800,3000,3600,7000
BHACHAU,BHUJ,85,2200,2500,3600,6000
SAMKHIYALI ,BHUJ,130,2800,3000,3600,7000
RAPAR,BHUJ,130,2800,3000,3600,7000
DHOLAVIRA,BHUJ,130,3300,3600,4500,7000
ADANI POWER PLANT,BHUJ,100,2000,2300,3000,4500
TATA SOLAR,BHUJ,100,2000,2300,3000,4500
BHUJ HOTEL,BHUJ,20,999,1200,1800,3500
NAKHATRANA,BHUJ,50,1600,1800,2500,5000
KERA,BHUJ,20,1200,1500,2300,4500
BALDIA,BHUJ,20,1200,1500,2300,4500
NARANPAR,BHUJ,20,1200,1500,2300,4500
RAMPAR VEKRA,BHUJ,20,1200,1500,2300,4500
NARAYAN SAROVAR,BHUJ,160,3300,3800,4800,7000
MATANAMADH,BHUJ,100,2500,2800,3600,5500
BHUJ RAILWAY STATION ,GANDHIDHAM,60,1600,1800,2500,5000
BHUJ RAILWAY STATION ,ADIPUR,55,1600,1800,2500,5000
BHUJ RAILWAY STATION ,ANJAR,45,1600,1800,2500,5000
BHUJ RAILWAY STATION ,MUNDRA,50,1600,1800,2500,5000
BHUJ RAILWAY STATION ,MANDVI,45,1600,1800,2500,5000
BHUJ RAILWAY STATION ,NALIYA,100,2300,2500,3000,6000
BHUJ RAILWAY STATION ,KANDLA PORT,70,1800,2000,2800,5500
BHUJ RAILWAY STATION ,MUNDRA PORT,60,1800,2000,2800,5500
BHUJ RAILWAY STATION ,KANDLA AIRPORT,50,1600,1800,2500,5000
BHUJ RAILWAY STATION ,NALIYA AIRFORCE,100,2300,2500,3000,6000
BHUJ RAILWAY STATION ,NALIYA COST GUARD,100,2300,2500,3000,6000
BHUJ RAILWAY STATION ,JAKHAU PORT,135,2800,3000,3600,7000
BHUJ RAILWAY STATION ,BHACHAU,85,2200,2500,3600,6000
BHUJ RAILWAY STATION ,SAMKHIYALI ,130,2800,3000,3600,7000
BHUJ RAILWAY STATION ,RAPAR,130,2800,3000,3600,7000
BHUJ RAILWAY STATION ,DHOLAVIRA,130,3300,3600,4500,7000
BHUJ RAILWAY STATION ,ADANI POWER PLANT,100,2000,2300,3000,4500
BHUJ RAILWAY STATION ,TATA SOLAR,100,2000,2300,3000,4500
BHUJ RAILWAY STATION ,BHUJ HOTEL,20,999,1200,1800,3500
BHUJ RAILWAY STATION ,NAKHATRANA,50,1600,1800,2500,5000
BHUJ RAILWAY STATION ,KERA,20,1200,1500,2300,4500
BHUJ RAILWAY STATION ,BALDIA,20,1200,1500,2300,4500
BHUJ RAILWAY STATION ,NARANPAR,20,1200,1500,2300,4500
BHUJ RAILWAY STATION ,RAMPAR VEKRA,20,1200,1500,2300,4500
BHUJ RAILWAY STATION ,NARAYAN SAROVAR,160,3300,3800,4800,7000
BHUJ RAILWAY STATION ,MATANAMADH,100,2500,2800,3600,5500
GANDHIDHAM,BHUJ RAILWAY STATION ,60,1600,1800,2500,5000
ADIPUR,BHUJ RAILWAY STATION ,55,1600,1800,2500,5000
ANJAR,BHUJ RAILWAY STATION ,45,1600,1800,2500,5000
MUNDRA,BHUJ RAILWAY STATION ,50,1600,1800,2500,5000
MANDVI,BHUJ RAILWAY STATION ,45,1600,1800,2500,5000
NALIYA,BHUJ RAILWAY STATION ,100,2300,2500,3000,6000
KANDLA PORT,BHUJ RAILWAY STATION ,70,1800,2000,2800,5500
MUNDRA PORT,BHUJ RAILWAY STATION ,60,1800,2000,2800,5500
KANDLA AIRPORT,BHUJ RAILWAY STATION ,50,1600,1800,2500,5000
NALIYA AIRFORCE,BHUJ RAILWAY STATION ,100,2300,2500,3000,6000
NALIYA COST GUARD,BHUJ RAILWAY STATION ,100,2300,2500,3000,6000
JAKHAU PORT,BHUJ RAILWAY STATION ,135,2800,3000,3600,7000
BHACHAU,BHUJ RAILWAY STATION ,85,2200,2500,3600,6000
SAMKHIYALI ,BHUJ RAILWAY STATION ,130,2800,3000,3600,7000
RAPAR,BHUJ RAILWAY STATION ,130,2800,3000,3600,7000
DHOLAVIRA,BHUJ RAILWAY STATION ,130,3300,3600,4500,7000
ADANI POWER PLANT,BHUJ RAILWAY STATION ,100,2000,2300,3000,4500
TATA SOLAR,BHUJ RAILWAY STATION ,100,2000,2300,3000,4500
BHUJ HOTEL,BHUJ RAILWAY STATION ,20,999,1200,1800,3500
NAKHATRANA,BHUJ RAILWAY STATION ,50,1600,1800,2500,5000
KERA,BHUJ RAILWAY STATION ,20,1200,1500,2300,4500
BALDIA,BHUJ RAILWAY STATION ,20,1200,1500,2300,4500
NARANPAR,BHUJ RAILWAY STATION ,20,1200,1500,2300,4500
RAMPAR VEKRA,BHUJ RAILWAY STATION ,20,1200,1500,2300,4500
NARAYAN SAROVAR,BHUJ RAILWAY STATION ,160,3300,3800,4800,7000
MATANAMADH,"BHUJ RAILWAY STATION 	",100,2500,2800,3600,5500
AHMEDABAD RAILWAY STATION ,GANDHIDHAM,300,3800,4200,5500,10500
AHMEDABAD RAILWAY STATION ,ADIPUR,300,3800,4200,5500,10500
AHMEDABAD RAILWAY STATION ,ANJAR,300,3800,4200,5500,10500
AHMEDABAD RAILWAY STATION ,MUNDRA,345,4000,4500,6000,13500
AHMEDABAD RAILWAY STATION ,MANDVI,410,5000,5500,7000,16500
AHMEDABAD RAILWAY STATION ,NALIYA,490,6000,6500,8000,19500
AHMEDABAD RAILWAY STATION ,KANDLA PORT,300,3900,4500,5500,10500
AHMEDABAD RAILWAY STATION ,MUNDRA PORT,345,4200,4800,6500,14500
AHMEDABAD RAILWAY STATION ,KANDLA AIRPORT,300,3500,4200,5500,10500
AHMEDABAD RAILWAY STATION ,NALIYA AIRFORCE,490,6000,6500,8000,19500
AHMEDABAD RAILWAY STATION ,NALIYA COST GUARD,490,6000,6500,8000,19500
AHMEDABAD RAILWAY STATION ,JAKHAU PORT,525,7000,7500,9000,22000
AHMEDABAD RAILWAY STATION ,BHACHAU,300,3800,4300,5500,10500
AHMEDABAD RAILWAY STATION ,SAMKHIYALI ,300,3800,4300,5500,10500
AHMEDABAD RAILWAY STATION ,RAPAR,300,3800,4500,6000,12000
AHMEDABAD RAILWAY STATION ,DHOLAVIRA,350,7000,7500,9000,16000
AHMEDABAD RAILWAY STATION ,ADANI POWER PLANT,410,5000,5500,7000,16500
AHMEDABAD RAILWAY STATION ,TATA SOLAR,410,5000,5500,7000,16500
AHMEDABAD RAILWAY STATION ,BHUJ,345,4200,4500,5500,14500
AHMEDABAD RAILWAY STATION ,NAKHATRANA,400,6000,6500,8000,16000
AHMEDABAD RAILWAY STATION ,KERA,360,4500,5000,6000,16500
AHMEDABAD RAILWAY STATION ,BALDIA,360,4500,5000,6000,16500
AHMEDABAD RAILWAY STATION ,NARANPAR,360,4500,5000,6000,16500
AHMEDABAD RAILWAY STATION ,RAMPAR VEKRA,360,4500,5000,6000,16500
AHMEDABAD RAILWAY STATION ,NARAYAN SAROVAR,525,7000,7500,9000,22000
AHMEDABAD RAILWAY STATION,MATANAMADH,450,7000,7500,9000,16000
GANDHIDHAM,AHMEDABAD RAILWAY STATION ,300,3800,4200,5500,10500
ADIPUR,AHMEDABAD RAILWAY STATION ,300,3800,4200,5500,10500
ANJAR,AHMEDABAD RAILWAY STATION ,300,3800,4200,5500,10500
MUNDRA,AHMEDABAD RAILWAY STATION ,345,4000,4500,6000,13500
MANDVI,AHMEDABAD RAILWAY STATION ,410,5000,5500,7000,16500
NALIYA,AHMEDABAD RAILWAY STATION ,490,6000,6500,8000,19500
KANDLA PORT,AHMEDABAD RAILWAY STATION ,300,3900,4500,5500,10500
MUNDRA PORT,AHMEDABAD RAILWAY STATION ,345,4200,4800,6500,14500
KANDLA AIRPORT,AHMEDABAD RAILWAY STATION ,300,3500,4200,5500,10500
NALIYA AIRFORCE,AHMEDABAD RAILWAY STATION ,490,6000,6500,8000,19500
NALIYA COST GUARD,AHMEDABAD RAILWAY STATION ,490,6000,6500,8000,19500
JAKHAU PORT,AHMEDABAD RAILWAY STATION ,525,7000,7500,9000,22000
BHACHAU,AHMEDABAD RAILWAY STATION ,300,3800,4300,5500,10500
SAMKHIYALI ,AHMEDABAD RAILWAY STATION ,300,3800,4300,5500,10500
RAPAR,AHMEDABAD RAILWAY STATION ,300,3800,4500,6000,12000
DHOLAVIRA,AHMEDABAD RAILWAY STATION ,350,7000,7500,9000,16000
ADANI POWER PLANT,AHMEDABAD RAILWAY STATION ,410,5000,5500,7000,16500
TATA SOLAR,AHMEDABAD RAILWAY STATION ,410,5000,5500,7000,16500
BHUJ,AHMEDABAD RAILWAY STATION ,345,4200,4500,5500,14500
NAKHATRANA,AHMEDABAD RAILWAY STATION ,400,6000,6500,8000,16000
KERA,AHMEDABAD RAILWAY STATION ,360,4500,5000,6000,16500
BALDIA,AHMEDABAD RAILWAY STATION ,360,4500,5000,6000,16500
NARANPAR,AHMEDABAD RAILWAY STATION ,360,4500,5000,6000,16500
RAMPAR VEKRA,AHMEDABAD RAILWAY STATION ,360,4500,5000,6000,16500
NARAYAN SAROVAR,AHMEDABAD RAILWAY STATION ,525,7000,7500,9000,22000
MATANAMADH,AHMEDABAD RAILWAY STATION,450,7000,7500,9000,16000
AHMEDABAD ,GANDHIDHAM,300,3800,4200,5500,10500
AHMEDABAD ,ADIPUR,300,3800,4200,5500,10500
AHMEDABAD ,ANJAR,300,3800,4200,5500,10500
AHMEDABAD ,MUNDRA,345,4000,4500,6000,13500
AHMEDABAD ,MANDVI,410,5000,5500,7000,16500
AHMEDABAD ,NALIYA,490,6000,6500,8000,19500
AHMEDABAD ,KANDLA PORT,300,3900,4500,5500,10500
AHMEDABAD ,MUNDRA PORT,345,4200,4800,6500,14500
AHMEDABAD ,KANDLA AIRPORT,300,3500,4200,5500,10500
AHMEDABAD ,NALIYA AIRFORCE,490,6000,6500,8000,19500
AHMEDABAD ,NALIYA COST GUARD,490,6000,6500,8000,19500
AHMEDABAD ,JAKHAU PORT,525,7000,7500,9000,22000
AHMEDABAD ,BHACHAU,300,3800,4300,5500,10500
AHMEDABAD ,SAMKHIYALI ,300,3800,4300,5500,10500
AHMEDABAD ,RAPAR,300,3800,4500,6000,12000
AHMEDABAD ,DHOLAVIRA,350,7000,7500,9000,16000
AHMEDABAD ,ADANI POWER PLANT,410,5000,5500,7000,16500
AHMEDABAD ,TATA SOLAR,410,5000,5500,7000,16500
AHMEDABAD ,BHUJ,345,4200,4500,5500,14500
AHMEDABAD ,NAKHATRANA,400,6000,6500,8000,16000
AHMEDABAD ,KERA,360,4500,5000,6000,16500
AHMEDABAD ,BALDIA,360,4500,5000,6000,16500
AHMEDABAD ,NARANPAR,360,4500,5000,6000,16500
AHMEDABAD ,RAMPAR VEKRA,360,4500,5000,6000,16500
AHMEDABAD ,NARAYAN SAROVAR,525,7000,7500,9000,22000
AHMEDABAD ,MATANAMADH,450,7000,7500,9000,16000
GANDHIDHAM,AHMEDABAD ,300,3800,4200,5500,10500
ADIPUR,AHMEDABAD ,300,3800,4200,5500,10500
ANJAR,AHMEDABAD ,300,3800,4200,5500,10500
MUNDRA,AHMEDABAD ,345,4000,4500,6000,13500
MANDVI,AHMEDABAD ,410,5000,5500,7000,16500
NALIYA,AHMEDABAD ,490,6000,6500,8000,19500
KANDLA PORT,AHMEDABAD ,300,3900,4500,5500,10500
MUNDRA PORT,AHMEDABAD ,345,4200,4800,6500,14500
KANDLA AIRPORT,AHMEDABAD ,300,3500,4200,5500,10500
NALIYA AIRFORCE,AHMEDABAD ,490,6000,6500,8000,19500
NALIYA COST GUARD,AHMEDABAD ,490,6000,6500,8000,19500
JAKHAU PORT,AHMEDABAD ,525,7000,7500,9000,22000
BHACHAU,AHMEDABAD ,300,3800,4300,5500,10500
SAMKHIYALI ,AHMEDABAD ,300,3800,4300,5500,10500
RAPAR,AHMEDABAD ,300,3800,4500,6000,12000
DHOLAVIRA,AHMEDABAD ,350,7000,7500,9000,16000
ADANI POWER PLANT,AHMEDABAD ,410,5000,5500,7000,16500
TATA SOLAR,AHMEDABAD ,410,5000,5500,7000,16500
BHUJ,AHMEDABAD ,345,4200,4500,5500,14500
NAKHATRANA,AHMEDABAD ,400,6000,6500,8000,16000
KERA,AHMEDABAD ,360,4500,5000,6000,16500
BALDIA,AHMEDABAD ,360,4500,5000,6000,16500
NARANPAR,AHMEDABAD ,360,4500,5000,6000,16500
RAMPAR VEKRA,AHMEDABAD ,360,4500,5000,6000,16500
NARAYAN SAROVAR,AHMEDABAD ,525,7000,7500,9000,22000
MATANAMADH,AHMEDABAD ,450,7000,7500,9000,16000
GANDHIDHAM,BHUJ,60,1600,1800,2500,4500
GANDHIDHAM,GANDHIDHAM,10,1000,1200,1800,2500
GANDHIDHAM,ANJAR,15,1000,1200,1800,2500
GANDHIDHAM,MUNDRA,50,1600,1800,2500,4500
GANDHIDHAM,AHMEDABAD AIRPORT ,300,3800,4200,5500,10500
GANDHIDHAM,AHMEDABAD ,300,3800,4200,5500,10500
GANDHIDHAM,RAJKOT,180,3200,3500,4500,7500
GANDHIDHAM,RAJKOT AIRPORT,210,3200,3500,4500,7500
GANDHIDHAM,MUMBAI,800,10500,11000,14000,22000
GANDHIDHAM,VADODARA ,430,5300,5500,7000,13000
GANDHIDHAM,PALANPUR ,325,4500,5000,6000,10000
GANDHIDHAM,MANDVI,100,2200,2500,3500,5500
GANDHIDHAM,DWARKA,450,6000,6500,8500,13500
GANDHIDHAM,SOMNATH,450,6000,6500,8500,13500
GANDHIDHAM,SURAT,550,7000,7500,9000,14000
GANDHIDHAM,ANAND,380,4800,5000,6000,10000
GANDHIDHAM,NADIYAD,365,4800,5000,6000,10000
GANDHIDHAM,DHOLAVIRA,200,4500,4800,6500,10000
GANDHIDHAM,NARAYAN SAROVAR,220,4500,4800,6500,10000
GANDHIDHAM,MATANAMADH,160,3500,3800,5000,7500
GANDHIDHAM,JUNAGADH,350,4500,5000,6000,10000
GANDHIDHAM,PUNE,915,13500,14000,18000,27000
GANDHIDHAM,KANDLA AIRPORT ,15,1000,1200,1800,2500
GANDHIDHAM,AHMEDABAD RAILWAY STATION,300,3800,4200,5500,10500
GANDHIDHAM,BHUJ AIPORT,60,1600,1800,2500,4500
GANDHIDHAM,BHUJ RAILWAY STATION,60,1600,1800,2500,4500
GANDHIDHAM,HIRASAR AIRPORT,210,3200,3500,4500,7500
GANDHIDHAM,JAMNAGAR,225,3500,3800,5000,9000
GANDHIDHAM,MORBI,160,3200,3500,4500,7500
GANDHIDHAM,WANKANER,185,3200,3500,4500,7500
GANDHIDHAM,CHOTILA,200,3200,3500,4500,7500
GANDHIDHAM,STATUE OF UNITY,500,6500,7000,9000,13000
GANDHIDHAM,BHAVNAGAR,390,4500,5000,6000,10000
GANDHIDHAM,MOUNT ABU,365,5000,5500,6500,10500
GANDHIDHAM,AMBAJI,350,4500,5000,6000,10000
GANDHIDHAM,ABU ROAD,355,4500,5000,6000,10000
GANDHIDHAM,VERAVAL RAILWAY STATION,450,6000,6500,8500,13500
GANDHIDHAM,GANDHIDHAM RAILWAY STATION,10,1000,1200,1800,2500
BHUJ,GANDHIDHAM,60,1600,1800,2500,4500
GANDHIDHAM,GANDHIDHAM,10,1000,1200,1800,2500
ANJAR,GANDHIDHAM,15,1000,1200,1800,2500
MUNDRA,GANDHIDHAM,50,1600,1800,2500,4500
AHMEDABAD AIRPORT ,GANDHIDHAM,300,3800,4200,5500,10500
AHMEDABAD ,GANDHIDHAM,300,3800,4200,5500,10500
RAJKOT,GANDHIDHAM,180,3200,3500,4500,7500
RAJKOT AIRPORT,GANDHIDHAM,210,3200,3500,4500,7500
MUMBAI,GANDHIDHAM,800,10500,11000,14000,22000
VADODARA ,GANDHIDHAM,430,5300,5500,7000,13000
PALANPUR ,GANDHIDHAM,325,4500,5000,6000,10000
MANDVI,GANDHIDHAM,100,2200,2500,3500,5500
DWARKA,GANDHIDHAM,450,6000,6500,8500,13500
SOMNATH,GANDHIDHAM,450,6000,6500,8500,13500
SURAT,GANDHIDHAM,550,7000,7500,9000,14000
ANAND,GANDHIDHAM,380,4800,5000,6000,10000
NADIYAD,GANDHIDHAM,365,4800,5000,6000,10000
DHOLAVIRA,GANDHIDHAM,200,4500,4800,6500,10000
NARAYAN SAROVAR,GANDHIDHAM,220,4500,4800,6500,10000
MATANAMADH,GANDHIDHAM,160,3500,3800,5000,7500
JUNAGADH,GANDHIDHAM,350,4500,5000,6000,10000
PUNE,GANDHIDHAM,915,13500,14000,18000,27000
KANDLA AIRPORT ,GANDHIDHAM,15,1000,1200,1800,2500
AHMEDABAD RAILWAY STATION,GANDHIDHAM,300,3800,4200,5500,10500
BHUJ AIPORT,GANDHIDHAM,60,1600,1800,2500,4500
BHUJ RAILWAY STATION,GANDHIDHAM,60,1600,1800,2500,4500
HIRASAR AIRPORT,GANDHIDHAM,210,3200,3500,4500,7500
JAMNAGAR,GANDHIDHAM,225,3500,3800,5000,9000
MORBI,GANDHIDHAM,160,3200,3500,4500,7500
WANKANER,GANDHIDHAM,185,3200,3500,4500,7500
CHOTILA,GANDHIDHAM,200,3200,3500,4500,7500
STATUE OF UNITY,GANDHIDHAM,500,6500,7000,9000,13000
BHAVNAGAR,GANDHIDHAM,390,4500,5000,6000,10000
MOUNT ABU,GANDHIDHAM,365,5000,5500,6500,10500
AMBAJI,GANDHIDHAM,350,4500,5000,6000,10000
ABU ROAD,GANDHIDHAM,355,4500,5000,6000,10000
VERAVAL RAILWAY STATION,GANDHIDHAM,450,6000,6500,8500,13500
GANDHIDHAM RAILWAY STATION,GANDHIDHAM,10,1000,1200,1800,2500
GANDHIDHAM RAILWAY STATION,BHUJ,60,1600,1800,2500,4500
GANDHIDHAM RAILWAY STATION,GANDHIDHAM,10,1000,1200,1800,2500
GANDHIDHAM RAILWAY STATION,ANJAR,15,1000,1200,1800,2500
GANDHIDHAM RAILWAY STATION,MUNDRA,50,1600,1800,2500,4500
GANDHIDHAM RAILWAY STATION,AHMEDABAD AIRPORT ,300,3800,4200,5500,10500
GANDHIDHAM RAILWAY STATION,AHMEDABAD ,300,3800,4200,5500,10500
GANDHIDHAM RAILWAY STATION,RAJKOT,180,3200,3500,4500,7500
GANDHIDHAM RAILWAY STATION,RAJKOT AIRPORT,210,3200,3500,4500,7500
GANDHIDHAM RAILWAY STATION,MUMBAI,800,10500,11000,14000,22000
GANDHIDHAM RAILWAY STATION,VADODARA ,430,5300,5500,7000,13000
GANDHIDHAM RAILWAY STATION,PALANPUR ,325,4500,5000,6000,10000
GANDHIDHAM RAILWAY STATION,MANDVI,100,2200,2500,3500,5500
GANDHIDHAM RAILWAY STATION,DWARKA,450,6000,6500,8500,13500
GANDHIDHAM RAILWAY STATION,SOMNATH,450,6000,6500,8500,13500
GANDHIDHAM RAILWAY STATION,SURAT,550,7000,7500,9000,14000
GANDHIDHAM RAILWAY STATION,ANAND,380,4800,5000,6000,10000
GANDHIDHAM RAILWAY STATION,NADIYAD,365,4800,5000,6000,10000
GANDHIDHAM RAILWAY STATION,DHOLAVIRA,200,4500,4800,6500,10000
GANDHIDHAM RAILWAY STATION,NARAYAN SAROVAR,220,4500,4800,6500,10000
GANDHIDHAM RAILWAY STATION,MATANAMADH,160,3500,3800,5000,7500
GANDHIDHAM RAILWAY STATION,JUNAGADH,350,4500,5000,6000,10000
GANDHIDHAM RAILWAY STATION,PUNE,915,13500,14000,18000,27000
GANDHIDHAM RAILWAY STATION,KANDLA AIRPORT ,15,1000,1200,1800,2500
GANDHIDHAM RAILWAY STATION,AHMEDABAD RAILWAY STATION,300,3800,4200,5500,10500
GANDHIDHAM RAILWAY STATION,BHUJ AIPORT,60,1600,1800,2500,4500
GANDHIDHAM RAILWAY STATION,BHUJ RAILWAY STATION,60,1600,1800,2500,4500
GANDHIDHAM RAILWAY STATION,HIRASAR AIRPORT,210,3200,3500,4500,7500
GANDHIDHAM RAILWAY STATION,JAMNAGAR,225,3500,3800,5000,9000
GANDHIDHAM RAILWAY STATION,MORBI,160,3200,3500,4500,7500
GANDHIDHAM RAILWAY STATION,WANKANER,185,3200,3500,4500,7500
GANDHIDHAM RAILWAY STATION,CHOTILA,200,3200,3500,4500,7500
GANDHIDHAM RAILWAY STATION,STATUE OF UNITY,500,6500,7000,9000,13000
GANDHIDHAM RAILWAY STATION,BHAVNAGAR,390,4500,5000,6000,10000
GANDHIDHAM RAILWAY STATION,MOUNT ABU,365,5000,5500,6500,10500
GANDHIDHAM RAILWAY STATION,AMBAJI,350,4500,5000,6000,10000
GANDHIDHAM RAILWAY STATION,ABU ROAD,355,4500,5000,6000,10000
GANDHIDHAM RAILWAY STATION,VERAVAL RAILWAY STATION,450,6000,6500,8500,13500
GANDHIDHAM RAILWAY STATION,GANDHIDHAM RAILWAY STATION,10,1000,1200,1800,2500
BHUJ,GANDHIDHAM RAILWAY STATION,60,1600,1800,2500,4500
GANDHIDHAM,GANDHIDHAM RAILWAY STATION,10,1000,1200,1800,2500
ANJAR,GANDHIDHAM RAILWAY STATION,15,1000,1200,1800,2500
MUNDRA,GANDHIDHAM RAILWAY STATION,50,1600,1800,2500,4500
AHMEDABAD AIRPORT ,GANDHIDHAM RAILWAY STATION,300,3800,4200,5500,10500
AHMEDABAD ,GANDHIDHAM RAILWAY STATION,300,3800,4200,5500,10500
RAJKOT,GANDHIDHAM RAILWAY STATION,180,3200,3500,4500,7500
RAJKOT AIRPORT,GANDHIDHAM RAILWAY STATION,210,3200,3500,4500,7500
MUMBAI,GANDHIDHAM RAILWAY STATION,800,10500,11000,14000,22000
VADODARA ,GANDHIDHAM RAILWAY STATION,430,5300,5500,7000,13000
PALANPUR ,GANDHIDHAM RAILWAY STATION,325,4500,5000,6000,10000
MANDVI,GANDHIDHAM RAILWAY STATION,100,2200,2500,3500,5500
DWARKA,GANDHIDHAM RAILWAY STATION,450,6000,6500,8500,13500
SOMNATH,GANDHIDHAM RAILWAY STATION,450,6000,6500,8500,13500
SURAT,GANDHIDHAM RAILWAY STATION,550,7000,7500,9000,14000
ANAND,GANDHIDHAM RAILWAY STATION,380,4800,5000,6000,10000
NADIYAD,GANDHIDHAM RAILWAY STATION,365,4800,5000,6000,10000
DHOLAVIRA,GANDHIDHAM RAILWAY STATION,200,4500,4800,6500,10000
NARAYAN SAROVAR,GANDHIDHAM RAILWAY STATION,220,4500,4800,6500,10000
MATANAMADH,GANDHIDHAM RAILWAY STATION,160,3500,3800,5000,7500
JUNAGADH,GANDHIDHAM RAILWAY STATION,350,4500,5000,6000,10000
PUNE,GANDHIDHAM RAILWAY STATION,915,13500,14000,18000,27000
KANDLA AIRPORT ,GANDHIDHAM RAILWAY STATION,15,1000,1200,1800,2500
AHMEDABAD RAILWAY STATION,GANDHIDHAM RAILWAY STATION,300,3800,4200,5500,10500
BHUJ AIPORT,GANDHIDHAM RAILWAY STATION,60,1600,1800,2500,4500
BHUJ RAILWAY STATION,GANDHIDHAM RAILWAY STATION,60,1600,1800,2500,4500
HIRASAR AIRPORT,GANDHIDHAM RAILWAY STATION,210,3200,3500,4500,7500
JAMNAGAR,GANDHIDHAM RAILWAY STATION,225,3500,3800,5000,9000
MORBI,GANDHIDHAM RAILWAY STATION,160,3200,3500,4500,7500
WANKANER,GANDHIDHAM RAILWAY STATION,185,3200,3500,4500,7500
CHOTILA,GANDHIDHAM RAILWAY STATION,200,3200,3500,4500,7500
STATUE OF UNITY,GANDHIDHAM RAILWAY STATION,500,6500,7000,9000,13000
BHAVNAGAR,GANDHIDHAM RAILWAY STATION,390,4500,5000,6000,10000
MOUNT ABU,GANDHIDHAM RAILWAY STATION,365,5000,5500,6500,10500
AMBAJI,GANDHIDHAM RAILWAY STATION,350,4500,5000,6000,10000
ABU ROAD,GANDHIDHAM RAILWAY STATION,355,4500,5000,6000,10000
VERAVAL RAILWAY STATION,GANDHIDHAM RAILWAY STATION,450,6000,6500,8500,13500
GANDHIDHAM RAILWAY STATION,GANDHIDHAM RAILWAY STATION ,10,1000,1200,1800,2500
ADIPUR,BHUJ,60,1600,1800,2500,4500
ADIPUR,GANDHIDHAM,10,1000,1200,1800,2500
ADIPUR,ANJAR,15,1000,1200,1800,2500
ADIPUR,MUNDRA,50,1600,1800,2500,4500
ADIPUR,AHMEDABAD AIRPORT ,300,3800,4200,5500,10500
ADIPUR,AHMEDABAD ,300,3800,4200,5500,10500
ADIPUR,RAJKOT,180,3200,3500,4500,7500
ADIPUR,RAJKOT AIRPORT,210,3200,3500,4500,7500
ADIPUR,MUMBAI,800,10500,11000,14000,22000
ADIPUR,VADODARA ,430,5300,5500,7000,13000
ADIPUR,PALANPUR ,325,4500,5000,6000,10000
ADIPUR,MANDVI,100,2200,2500,3500,5500
ADIPUR,DWARKA,450,6000,6500,8500,13500
ADIPUR,SOMNATH,450,6000,6500,8500,13500
ADIPUR,SURAT,550,7000,7500,9000,14000
ADIPUR,ANAND,380,4800,5000,6000,10000
ADIPUR,NADIYAD,365,4800,5000,6000,10000
ADIPUR,DHOLAVIRA,200,4500,4800,6500,10000
ADIPUR,NARAYAN SAROVAR,220,4500,4800,6500,10000
ADIPUR,MATANAMADH,160,3500,3800,5000,7500
ADIPUR,JUNAGADH,350,4500,5000,6000,10000
ADIPUR,PUNE,915,13500,14000,18000,27000
ADIPUR,KANDLA AIRPORT ,15,1000,1200,1800,2500
ADIPUR,AHMEDABAD RAILWAY STATION,300,3800,4200,5500,10500
ADIPUR,BHUJ AIPORT,60,1600,1800,2500,4500
ADIPUR,BHUJ RAILWAY STATION,60,1600,1800,2500,4500
ADIPUR,HIRASAR AIRPORT,210,3200,3500,4500,7500
ADIPUR,JAMNAGAR,225,3500,3800,5000,9000
ADIPUR,MORBI,160,3200,3500,4500,7500
ADIPUR,WANKANER,185,3200,3500,4500,7500
ADIPUR,CHOTILA,200,3200,3500,4500,7500
ADIPUR,STATUE OF UNITY,500,6500,7000,9000,13000
ADIPUR,BHAVNAGAR,390,4500,5000,6000,10000
ADIPUR,MOUNT ABU,365,5000,5500,6500,10500
ADIPUR,AMBAJI,350,4500,5000,6000,10000
ADIPUR,ABU ROAD,355,4500,5000,6000,10000
ADIPUR,VERAVAL RAILWAY STATION,450,6000,6500,8500,13500
ADIPUR,GANDHIDHAM RAILWAY STATION,10,1000,1200,1800,2500
BHUJ,ADIPUR,60,1600,1800,2500,4500
GANDHIDHAM,ADIPUR,10,1000,1200,1800,2500
ANJAR,ADIPUR,15,1000,1200,1800,2500
MUNDRA,ADIPUR,50,1600,1800,2500,4500
AHMEDABAD AIRPORT ,ADIPUR,300,3800,4200,5500,10500
AHMEDABAD ,ADIPUR,300,3800,4200,5500,10500
RAJKOT,ADIPUR,180,3200,3500,4500,7500
RAJKOT AIRPORT,ADIPUR,210,3200,3500,4500,7500
MUMBAI,ADIPUR,800,10500,11000,14000,22000
VADODARA ,ADIPUR,430,5300,5500,7000,13000
PALANPUR ,ADIPUR,325,4500,5000,6000,10000
MANDVI,ADIPUR,100,2200,2500,3500,5500
DWARKA,ADIPUR,450,6000,6500,8500,13500
SOMNATH,ADIPUR,450,6000,6500,8500,13500
SURAT,ADIPUR,550,7000,7500,9000,14000
ANAND,ADIPUR,380,4800,5000,6000,10000
NADIYAD,ADIPUR,365,4800,5000,6000,10000
DHOLAVIRA,ADIPUR,200,4500,4800,6500,10000
NARAYAN SAROVAR,ADIPUR,220,4500,4800,6500,10000
MATANAMADH,ADIPUR,160,3500,3800,5000,7500
JUNAGADH,ADIPUR,350,4500,5000,6000,10000
PUNE,ADIPUR,915,13500,14000,18000,27000
KANDLA AIRPORT ,ADIPUR,15,1000,1200,1800,2500
AHMEDABAD RAILWAY STATION,ADIPUR,300,3800,4200,5500,10500
BHUJ AIPORT,ADIPUR,60,1600,1800,2500,4500
BHUJ RAILWAY STATION,ADIPUR,60,1600,1800,2500,4500
HIRASAR AIRPORT,ADIPUR,210,3200,3500,4500,7500
JAMNAGAR,ADIPUR,225,3500,3800,5000,9000
MORBI,ADIPUR,160,3200,3500,4500,7500
WANKANER,ADIPUR,185,3200,3500,4500,7500
CHOTILA,ADIPUR,200,3200,3500,4500,7500
STATUE OF UNITY,ADIPUR,500,6500,7000,9000,13000
BHAVNAGAR,ADIPUR,390,4500,5000,6000,10000
MOUNT ABU,ADIPUR,365,5000,5500,6500,10500
AMBAJI,ADIPUR,350,4500,5000,6000,10000
ABU ROAD,ADIPUR,355,4500,5000,6000,10000
VERAVAL RAILWAY STATION,ADIPUR,450,6000,6500,8500,13500
GANDHIDHAM RAILWAY STATION,ADIPUR,10,1000,1200,1800,2500
KANDLA PORT,BHUJ,60,1800,2000,3000,5000
KANDLA PORT,GANDHIDHAM,10,1000,1200,1800,2500
KANDLA PORT,ANJAR,15,1000,1200,1800,2500
KANDLA PORT,MUNDRA,50,1800,2000,3000,5000
KANDLA PORT,AHMEDABAD AIRPORT ,300,4000,4500,6000,10500
KANDLA PORT,AHMEDABAD ,300,4000,4500,6000,10500
KANDLA PORT,RAJKOT,180,3200,3500,4500,7500
KANDLA PORT,RAJKOT AIRPORT,210,3200,3500,4500,7500
KANDLA PORT,MUMBAI,800,10500,11000,14000,22000
KANDLA PORT,VADODARA ,430,5300,5500,7000,13000
KANDLA PORT,PALANPUR ,325,4500,5000,6000,10000
KANDLA PORT,MANDVI,100,2200,2500,3500,5500
KANDLA PORT,DWARKA,450,6000,6500,8500,13500
KANDLA PORT,SOMNATH,450,6000,6500,8500,13500
KANDLA PORT,SURAT,550,7000,7500,9000,14000
KANDLA PORT,ANAND,380,4800,5000,6000,10000
KANDLA PORT,NADIYAD,365,4800,5000,6000,10000
KANDLA PORT,DHOLAVIRA,200,4500,4800,6500,10000
KANDLA PORT,NARAYAN SAROVAR,220,4500,4800,6500,10000
KANDLA PORT,MATANAMADH,160,3500,3800,5000,7500
KANDLA PORT,JUNAGADH,350,4500,5000,6000,10000
KANDLA PORT,PUNE,915,13500,14000,18000,27000
KANDLA PORT,KANDLA AIRPORT ,15,1000,1200,1800,2500
KANDLA PORT,AHMEDABAD RAILWAY STATION,300,4000,4500,6000,10500
KANDLA PORT,BHUJ AIPORT,60,1800,2000,3000,5000
KANDLA PORT,BHUJ RAILWAY STATION,60,1800,2000,3000,5000
KANDLA PORT,HIRASAR AIRPORT,210,3500,4000,5000,7500
KANDLA PORT,JAMNAGAR,225,3800,4000,5500,9000
KANDLA PORT,MORBI,160,3500,4000,5000,7500
KANDLA PORT,WANKANER,185,3500,4000,5000,7500
KANDLA PORT,CHOTILA,200,3500,4000,5000,7500
KANDLA PORT,STATUE OF UNITY,500,6500,7000,9000,13000
KANDLA PORT,BHAVNAGAR,390,4500,5000,6000,10000
KANDLA PORT,MOUNT ABU,365,5000,5500,6500,10500
KANDLA PORT,AMBAJI,350,4500,5000,6000,10000
KANDLA PORT,ABU ROAD,355,4500,5000,6000,10000
KANDLA PORT,VERAVAL RAILWAY STATION,450,6000,6500,8500,13500
KANDLA PORT,GANDHIDHAM RAILWAY STATION,10,1000,1200,1800,2500
BHUJ,KANDLA PORT,60,1800,2000,3000,5000
GANDHIDHAM,KANDLA PORT,10,1000,1200,1800,2500
ANJAR,KANDLA PORT,15,1000,1200,1800,2500
MUNDRA,KANDLA PORT,50,1800,2000,3000,5000
AHMEDABAD AIRPORT ,KANDLA PORT,300,4000,4500,6000,10500
AHMEDABAD ,KANDLA PORT,300,4000,4500,6000,10500
RAJKOT,KANDLA PORT,180,3200,3500,4500,7500
RAJKOT AIRPORT,KANDLA PORT,210,3200,3500,4500,7500
MUMBAI,KANDLA PORT,800,10500,11000,14000,22000
VADODARA ,KANDLA PORT,430,5300,5500,7000,13000
PALANPUR ,KANDLA PORT,325,4500,5000,6000,10000
MANDVI,KANDLA PORT,100,2200,2500,3500,5500
DWARKA,KANDLA PORT,450,6000,6500,8500,13500
SOMNATH,KANDLA PORT,450,6000,6500,8500,13500
SURAT,KANDLA PORT,550,7000,7500,9000,14000
ANAND,KANDLA PORT,380,4800,5000,6000,10000
NADIYAD,KANDLA PORT,365,4800,5000,6000,10000
DHOLAVIRA,KANDLA PORT,200,4500,4800,6500,10000
NARAYAN SAROVAR,KANDLA PORT,220,4500,4800,6500,10000
MATANAMADH,KANDLA PORT,160,3500,3800,5000,7500
JUNAGADH,KANDLA PORT,350,4500,5000,6000,10000
PUNE,KANDLA PORT,915,13500,14000,18000,27000
KANDLA AIRPORT ,KANDLA PORT,15,1000,1200,1800,2500
AHMEDABAD RAILWAY STATION,KANDLA PORT,300,4000,4500,6000,10500
BHUJ AIPORT,KANDLA PORT,60,1800,2000,3000,5000
BHUJ RAILWAY STATION,KANDLA PORT,60,1800,2000,3000,5000
HIRASAR AIRPORT,KANDLA PORT,210,3500,4000,5000,7500
JAMNAGAR,KANDLA PORT,225,3800,4000,5500,9000
MORBI,KANDLA PORT,160,3500,4000,5000,7500
WANKANER,KANDLA PORT,185,3500,4000,5000,7500
CHOTILA,KANDLA PORT,200,3500,4000,5000,7500
STATUE OF UNITY,KANDLA PORT,500,6500,7000,9000,13000
BHAVNAGAR,KANDLA PORT,390,4500,5000,6000,10000
MOUNT ABU,KANDLA PORT,365,5000,5500,6500,10500
AMBAJI,KANDLA PORT,350,4500,5000,6000,10000
ABU ROAD,KANDLA PORT,355,4500,5000,6000,10000
VERAVAL RAILWAY STATION,KANDLA PORT,450,6000,6500,8500,13500
GANDHIDHAM RAILWAY STATION,KANDLA PORT,10,1000,1200,1800,2500
ANJAR,BHUJ,60,1800,2000,3000,5000
ANJAR,GANDHIDHAM,10,1000,1200,1800,2500
ANJAR,ANJAR,15,1000,1200,1800,2500
ANJAR,MUNDRA,50,1800,2000,3000,5000
ANJAR,AHMEDABAD AIRPORT ,300,4000,4500,6000,10500
ANJAR,AHMEDABAD ,300,4000,4500,6000,10500
ANJAR,RAJKOT,180,3200,3500,4500,7500
ANJAR,RAJKOT AIRPORT,210,3200,3500,4500,7500
ANJAR,MUMBAI,800,10500,11000,14000,22000
ANJAR,VADODARA ,430,5300,5500,7000,13000
ANJAR,PALANPUR ,325,4500,5000,6000,10000
ANJAR,MANDVI,100,2200,2500,3500,5500
ANJAR,DWARKA,450,6000,6500,8500,13500
ANJAR,SOMNATH,450,6000,6500,8500,13500
ANJAR,SURAT,550,7000,7500,9000,14000
ANJAR,ANAND,380,4800,5000,6000,10000
ANJAR,NADIYAD,365,4800,5000,6000,10000
ANJAR,DHOLAVIRA,200,4500,4800,6500,10000
ANJAR,NARAYAN SAROVAR,220,4500,4800,6500,10000
ANJAR,MATANAMADH,160,3500,3800,5000,7500
ANJAR,JUNAGADH,350,4500,5000,6000,10000
ANJAR,PUNE,915,13500,14000,18000,27000
ANJAR,KANDLA AIRPORT ,15,1000,1200,1800,2500
ANJAR,AHMEDABAD RAILWAY STATION,300,4000,4500,6000,10500
ANJAR,BHUJ AIPORT,60,1800,2000,3000,5000
ANJAR,BHUJ RAILWAY STATION,60,1800,2000,3000,5000
ANJAR,HIRASAR AIRPORT,210,3500,4000,5000,7500
ANJAR,JAMNAGAR,225,3800,4000,5500,9000
ANJAR,MORBI,160,3500,4000,5000,7500
ANJAR,WANKANER,185,3500,4000,5000,7500
ANJAR,CHOTILA,200,3500,4000,5000,7500
ANJAR,STATUE OF UNITY,500,6500,7000,9000,13000
ANJAR,BHAVNAGAR,390,4500,5000,6000,10000
ANJAR,MOUNT ABU,365,5000,5500,6500,10500
ANJAR,AMBAJI,350,4500,5000,6000,10000
ANJAR,ABU ROAD,355,4500,5000,6000,10000
ANJAR,VERAVAL RAILWAY STATION,450,6000,6500,8500,13500
ANJAR,GANDHIDHAM RAILWAY STATION,10,1000,1200,1800,2500
BHUJ,ANJAR,60,1800,2000,3000,5000
GANDHIDHAM,ANJAR,10,1000,1200,1800,2500
ANJAR,ANJAR,15,1000,1200,1800,2500
MUNDRA,ANJAR,50,1800,2000,3000,5000
AHMEDABAD AIRPORT ,ANJAR,300,4000,4500,6000,10500
AHMEDABAD ,ANJAR,300,4000,4500,6000,10500
RAJKOT,ANJAR,180,3200,3500,4500,7500
RAJKOT AIRPORT,ANJAR,210,3200,3500,4500,7500
MUMBAI,ANJAR,800,10500,11000,14000,22000
VADODARA ,ANJAR,430,5300,5500,7000,13000
PALANPUR ,ANJAR,325,4500,5000,6000,10000
MANDVI,ANJAR,100,2200,2500,3500,5500
DWARKA,ANJAR,450,6000,6500,8500,13500
SOMNATH,ANJAR,450,6000,6500,8500,13500
SURAT,ANJAR,550,7000,7500,9000,14000
ANAND,ANJAR,380,4800,5000,6000,10000
NADIYAD,ANJAR,365,4800,5000,6000,10000
DHOLAVIRA,ANJAR,200,4500,4800,6500,10000
NARAYAN SAROVAR,ANJAR,220,4500,4800,6500,10000
MATANAMADH,ANJAR,160,3500,3800,5000,7500
JUNAGADH,ANJAR,350,4500,5000,6000,10000
PUNE,ANJAR,915,13500,14000,18000,27000
KANDLA AIRPORT ,ANJAR,15,1000,1200,1800,2500
AHMEDABAD RAILWAY STATION,ANJAR,300,4000,4500,6000,10500
BHUJ AIPORT,ANJAR,60,1800,2000,3000,5000
BHUJ RAILWAY STATION,ANJAR,60,1800,2000,3000,5000
HIRASAR AIRPORT,ANJAR,210,3500,4000,5000,7500
JAMNAGAR,ANJAR,225,3800,4000,5500,9000
MORBI,ANJAR,160,3500,4000,5000,7500
WANKANER,ANJAR,185,3500,4000,5000,7500
CHOTILA,ANJAR,200,3500,4000,5000,7500
STATUE OF UNITY,ANJAR,500,6500,7000,9000,13000
BHAVNAGAR,ANJAR,390,4500,5000,6000,10000
MOUNT ABU,ANJAR,365,5000,5500,6500,10500
AMBAJI,ANJAR,350,4500,5000,6000,10000
ABU ROAD,ANJAR,355,4500,5000,6000,10000
VERAVAL RAILWAY STATION,ANJAR,450,6000,6500,8500,13500
GANDHIDHAM RAILWAY STATION,ANJAR,10,1000,1200,1800,2500
BHACHAU,BHUJ,80,2500,2800,4000,6000
BHACHAU,GANDHIDHAM,40,2000,2300,3500,5000
BHACHAU,ANJAR,40,2000,2300,3500,5000
BHACHAU,MUNDRA,80,2500,2800,4000,6000
BHACHAU,AHMEDABAD AIRPORT ,300,4000,4500,6000,10500
BHACHAU,AHMEDABAD ,300,4000,4500,6000,10500
BHACHAU,RAJKOT,180,3200,3500,4500,7500
BHACHAU,RAJKOT AIRPORT,210,3200,3500,4500,7500
BHACHAU,MUMBAI,800,10500,11000,14000,22000
BHACHAU,VADODARA ,430,5300,5500,7000,13000
BHACHAU,PALANPUR ,325,4500,5000,6000,10000
BHACHAU,MANDVI,140,3000,3300,4500,6500
BHACHAU,DWARKA,450,6000,6500,8500,13500
BHACHAU,SOMNATH,450,6000,6500,8500,13500
BHACHAU,SURAT,550,7000,7500,9000,14000
BHACHAU,ANAND,380,4800,5000,6000,10000
BHACHAU,NADIYAD,365,4800,5000,6000,10000
BHACHAU,DHOLAVIRA,200,4500,4800,6500,10000
BHACHAU,NARAYAN SAROVAR,220,4500,4800,6500,10000
BHACHAU,MATANAMADH,160,3500,3800,5000,7500
BHACHAU,JUNAGADH,350,4500,5000,6000,10000
BHACHAU,PUNE,915,13500,14000,18000,27000
BHACHAU,KANDLA AIRPORT ,40,2000,2300,3500,5000
BHACHAU,AHMEDABAD RAILWAY STATION,300,4000,4500,6000,10500
BHACHAU,BHUJ AIPORT,80,2500,2800,4000,6000
BHACHAU,BHUJ RAILWAY STATION,80,2500,2800,4000,6000
BHACHAU,HIRASAR AIRPORT,210,3500,4000,5000,7500
BHACHAU,JAMNAGAR,225,3800,4000,5500,9000
BHACHAU,MORBI,160,3500,4000,5000,7500
BHACHAU,WANKANER,185,3500,4000,5000,7500
BHACHAU,CHOTILA,200,3500,4000,5000,7500
BHACHAU,STATUE OF UNITY,500,6500,7000,9000,13000
BHACHAU,BHAVNAGAR,390,4500,5000,6000,10000
BHACHAU,MOUNT ABU,365,5000,5500,6500,10500
BHACHAU,AMBAJI,350,4500,5000,6000,10000
BHACHAU,ABU ROAD,355,4500,5000,6000,10000
BHACHAU,VERAVAL RAILWAY STATION,450,6000,6500,8500,13500
BHACHAU,GANDHIDHAM RAILWAY STATION,40,2000,2300,3500,5000
BHUJ,BHACHAU,80,2500,2800,4000,6000
GANDHIDHAM,BHACHAU,40,2000,2300,3500,5000
ANJAR,BHACHAU,40,2000,2300,3500,5000
MUNDRA,BHACHAU,80,2500,2800,4000,6000
AHMEDABAD AIRPORT ,BHACHAU,300,4000,4500,6000,10500
AHMEDABAD ,BHACHAU,300,4000,4500,6000,10500
RAJKOT,BHACHAU,180,3200,3500,4500,7500
RAJKOT AIRPORT,BHACHAU,210,3200,3500,4500,7500
MUMBAI,BHACHAU,800,10500,11000,14000,22000
VADODARA ,BHACHAU,430,5300,5500,7000,13000
PALANPUR ,BHACHAU,325,4500,5000,6000,10000
MANDVI,BHACHAU,140,3000,3300,4500,6500
DWARKA,BHACHAU,450,6000,6500,8500,13500
SOMNATH,BHACHAU,450,6000,6500,8500,13500
SURAT,BHACHAU,550,7000,7500,9000,14000
ANAND,BHACHAU,380,4800,5000,6000,10000
NADIYAD,BHACHAU,365,4800,5000,6000,10000
DHOLAVIRA,BHACHAU,200,4500,4800,6500,10000
NARAYAN SAROVAR,BHACHAU,220,4500,4800,6500,10000
MATANAMADH,BHACHAU,160,3500,3800,5000,7500
JUNAGADH,BHACHAU,350,4500,5000,6000,10000
PUNE,BHACHAU,915,13500,14000,18000,27000
KANDLA AIRPORT ,BHACHAU,40,2000,2300,3500,5000
AHMEDABAD RAILWAY STATION,BHACHAU,300,4000,4500,6000,10500
BHUJ AIPORT,BHACHAU,80,2500,2800,4000,6000
BHUJ RAILWAY STATION,BHACHAU,80,2500,2800,4000,6000
HIRASAR AIRPORT,BHACHAU,210,3500,4000,5000,7500
JAMNAGAR,BHACHAU,225,3800,4000,5500,9000
MORBI,BHACHAU,160,3500,4000,5000,7500
WANKANER,BHACHAU,185,3500,4000,5000,7500
CHOTILA,BHACHAU,200,3500,4000,5000,7500
STATUE OF UNITY,BHACHAU,500,6500,7000,9000,13000
BHAVNAGAR,BHACHAU,390,4500,5000,6000,10000
MOUNT ABU,BHACHAU,365,5000,5500,6500,10500
AMBAJI,BHACHAU,350,4500,5000,6000,10000
ABU ROAD,BHACHAU,355,4500,5000,6000,10000
VERAVAL RAILWAY STATION,BHACHAU,450,6000,6500,8500,13500
GANDHIDHAM RAILWAY STATION,BHACHAU,40,2000,2300,3500,5000
SAMKHIYALI,BHUJ,80,2500,2800,4000,6000
SAMKHIYALI,GANDHIDHAM,40,2000,2300,3500,5000
SAMKHIYALI,ANJAR,40,2000,2300,3500,5000
SAMKHIYALI,MUNDRA,80,2500,2800,4000,6000
SAMKHIYALI,AHMEDABAD AIRPORT ,300,4000,4500,6000,10500
SAMKHIYALI,AHMEDABAD ,300,4000,4500,6000,10500
SAMKHIYALI,RAJKOT,180,3200,3500,4500,7500
SAMKHIYALI,RAJKOT AIRPORT,210,3200,3500,4500,7500
SAMKHIYALI,MUMBAI,800,10500,11000,14000,22000
SAMKHIYALI,VADODARA ,430,5300,5500,7000,13000
SAMKHIYALI,PALANPUR ,325,4500,5000,6000,10000
SAMKHIYALI,MANDVI,140,3000,3300,4500,6500
SAMKHIYALI,DWARKA,450,6000,6500,8500,13500
SAMKHIYALI,SOMNATH,450,6000,6500,8500,13500
SAMKHIYALI,SURAT,550,7000,7500,9000,14000
SAMKHIYALI,ANAND,380,4800,5000,6000,10000
SAMKHIYALI,NADIYAD,365,4800,5000,6000,10000
SAMKHIYALI,DHOLAVIRA,200,4500,4800,6500,10000
SAMKHIYALI,NARAYAN SAROVAR,220,4500,4800,6500,10000
SAMKHIYALI,MATANAMADH,160,3500,3800,5000,7500
SAMKHIYALI,JUNAGADH,350,4500,5000,6000,10000
SAMKHIYALI,PUNE,915,13500,14000,18000,27000
SAMKHIYALI,KANDLA AIRPORT ,40,2000,2300,3500,5000
SAMKHIYALI,AHMEDABAD RAILWAY STATION,300,4000,4500,6000,10500
SAMKHIYALI,BHUJ AIPORT,80,2500,2800,4000,6000
SAMKHIYALI,BHUJ RAILWAY STATION,80,2500,2800,4000,6000
SAMKHIYALI,HIRASAR AIRPORT,210,3500,4000,5000,7500
SAMKHIYALI,JAMNAGAR,225,3800,4000,5500,9000
SAMKHIYALI,MORBI,160,3500,4000,5000,7500
SAMKHIYALI,WANKANER,185,3500,4000,5000,7500
SAMKHIYALI,CHOTILA,200,3500,4000,5000,7500
SAMKHIYALI,STATUE OF UNITY,500,6500,7000,9000,13000
SAMKHIYALI,BHAVNAGAR,390,4500,5000,6000,10000
SAMKHIYALI,MOUNT ABU,365,5000,5500,6500,10500
SAMKHIYALI,AMBAJI,350,4500,5000,6000,10000
SAMKHIYALI,ABU ROAD,355,4500,5000,6000,10000
SAMKHIYALI,VERAVAL RAILWAY STATION,450,6000,6500,8500,13500
SAMKHIYALI,GANDHIDHAM RAILWAY STATION,40,2000,2300,3500,5000
BHUJ,"SAMKHIYALI	",80,2500,2800,4000,6000
GANDHIDHAM,"SAMKHIYALI	",40,2000,2300,3500,5000
ANJAR,"SAMKHIYALI	",40,2000,2300,3500,5000
MUNDRA,"SAMKHIYALI	",80,2500,2800,4000,6000
AHMEDABAD AIRPORT ,"SAMKHIYALI	",300,4000,4500,6000,10500
AHMEDABAD ,"SAMKHIYALI	",300,4000,4500,6000,10500
RAJKOT,"SAMKHIYALI	",180,3200,3500,4500,7500
RAJKOT AIRPORT,"SAMKHIYALI	",210,3200,3500,4500,7500
MUMBAI,"SAMKHIYALI	",800,10500,11000,14000,22000
VADODARA ,"SAMKHIYALI	",430,5300,5500,7000,13000
PALANPUR ,"SAMKHIYALI	",325,4500,5000,6000,10000
MANDVI,"SAMKHIYALI	",140,3000,3300,4500,6500
DWARKA,"SAMKHIYALI	",450,6000,6500,8500,13500
SOMNATH,"SAMKHIYALI	",450,6000,6500,8500,13500
SURAT,"SAMKHIYALI	",550,7000,7500,9000,14000
ANAND,"SAMKHIYALI	",380,4800,5000,6000,10000
NADIYAD,"SAMKHIYALI	",365,4800,5000,6000,10000
DHOLAVIRA,"SAMKHIYALI	",200,4500,4800,6500,10000
NARAYAN SAROVAR,"SAMKHIYALI	",220,4500,4800,6500,10000
MATANAMADH,"SAMKHIYALI	",160,3500,3800,5000,7500
JUNAGADH,"SAMKHIYALI	",350,4500,5000,6000,10000
PUNE,"SAMKHIYALI	",915,13500,14000,18000,27000
KANDLA AIRPORT ,"SAMKHIYALI	",40,2000,2300,3500,5000
AHMEDABAD RAILWAY STATION,"SAMKHIYALI	",300,4000,4500,6000,10500
BHUJ AIPORT,"SAMKHIYALI	",80,2500,2800,4000,6000
BHUJ RAILWAY STATION,"SAMKHIYALI	",80,2500,2800,4000,6000
HIRASAR AIRPORT,"SAMKHIYALI	",210,3500,4000,5000,7500
JAMNAGAR,"SAMKHIYALI	",225,3800,4000,5500,9000
MORBI,"SAMKHIYALI	",160,3500,4000,5000,7500
WANKANER,"SAMKHIYALI	",185,3500,4000,5000,7500
CHOTILA,"SAMKHIYALI	",200,3500,4000,5000,7500
STATUE OF UNITY,"SAMKHIYALI	",500,6500,7000,9000,13000
BHAVNAGAR,"SAMKHIYALI	",390,4500,5000,6000,10000
MOUNT ABU,"SAMKHIYALI	",365,5000,5500,6500,10500
AMBAJI,"SAMKHIYALI	",350,4500,5000,6000,10000
ABU ROAD,"SAMKHIYALI	",355,4500,5000,6000,10000
VERAVAL RAILWAY STATION,"SAMKHIYALI	",450,6000,6500,8500,13500
GANDHIDHAM RAILWAY STATION,SAMKHIYALI,40,2000,2300,3500,5000
BHUJ AIRPORT ,GANDHIDHAM,60,1600,1800,2500,5000
BHUJ AIRPORT ,ADIPUR,55,1600,1800,2500,5000
BHUJ AIRPORT ,ANJAR,45,1600,1800,2500,5000
BHUJ AIRPORT ,MUNDRA,50,1600,1800,2500,5000
BHUJ AIRPORT ,MANDVI,45,1600,1800,2500,5000
BHUJ AIRPORT ,NALIYA,100,2300,2500,3000,6000
BHUJ AIRPORT ,KANDLA PORT,70,1800,2000,2800,5500
BHUJ AIRPORT ,MUNDRA PORT,60,1800,2000,2800,5500
BHUJ AIRPORT ,KANDLA AIRPORT,50,1600,1800,2500,5000
BHUJ AIRPORT ,NALIYA AIRFORCE,100,2300,2500,3000,6000
BHUJ AIRPORT ,NALIYA COST GUARD,100,2300,2500,3000,6000
BHUJ AIRPORT ,JAKHAU PORT,135,2800,3000,3600,7000
BHUJ AIRPORT ,BHACHAU,85,2200,2500,3600,6000
BHUJ AIRPORT ,SAMKHIYALI ,130,2800,3000,3600,7000
BHUJ AIRPORT ,RAPAR,130,2800,3000,3600,7000
BHUJ AIRPORT ,DHOLAVIRA,130,3300,3600,4500,7000
BHUJ AIRPORT ,ADANI POWER PLANT,100,2000,2300,3000,4500
BHUJ AIRPORT ,TATA SOLAR,100,2000,2300,3000,4500
BHUJ AIRPORT ,BHUJ HOTEL,20,999,1200,1800,3500
BHUJ AIRPORT ,NAKHATRANA,50,1600,1800,2500,5000
BHUJ AIRPORT ,KERA,20,1200,1500,2300,4500
BHUJ AIRPORT ,BALDIA,20,1200,1500,2300,4500
BHUJ AIRPORT ,NARANPAR,20,1200,1500,2300,4500
BHUJ AIRPORT ,RAMPAR VEKRA,20,1200,1500,2300,4500
BHUJ AIRPORT ,NARAYAN SAROVAR,160,3300,3800,4800,7000
BHUJ AIRPORT ,MATANAMADH,100,2500,2800,3600,5500
GANDHIDHAM,BHUJ AIRPORT ,60,1600,1800,2500,5000
ADIPUR,BHUJ AIRPORT ,55,1600,1800,2500,5000
ANJAR,BHUJ AIRPORT ,45,1600,1800,2500,5000
MUNDRA,BHUJ AIRPORT ,50,1600,1800,2500,5000
MANDVI,BHUJ AIRPORT ,45,1600,1800,2500,5000
NALIYA,BHUJ AIRPORT ,100,2300,2500,3000,6000
KANDLA PORT,BHUJ AIRPORT ,70,1800,2000,2800,5500
MUNDRA PORT,BHUJ AIRPORT ,60,1800,2000,2800,5500
KANDLA AIRPORT,BHUJ AIRPORT ,50,1600,1800,2500,5000
NALIYA AIRFORCE,BHUJ AIRPORT ,100,2300,2500,3000,6000
NALIYA COST GUARD,BHUJ AIRPORT ,100,2300,2500,3000,6000
JAKHAU PORT,BHUJ AIRPORT ,135,2800,3000,3600,7000
BHACHAU,BHUJ AIRPORT ,85,2200,2500,3600,6000
SAMKHIYALI ,BHUJ AIRPORT ,130,2800,3000,3600,7000
RAPAR,BHUJ AIRPORT ,130,2800,3000,3600,7000
DHOLAVIRA,BHUJ AIRPORT ,130,3300,3600,4500,7000
ADANI POWER PLANT,BHUJ AIRPORT ,100,2000,2300,3000,4500
TATA SOLAR,BHUJ AIRPORT ,100,2000,2300,3000,4500
BHUJ HOTEL,BHUJ AIRPORT ,20,999,1200,1800,3500
NAKHATRANA,BHUJ AIRPORT ,50,1600,1800,2500,5000
KERA,BHUJ AIRPORT ,20,1200,1500,2300,4500
BALDIA,BHUJ AIRPORT ,20,1200,1500,2300,4500
NARANPAR,BHUJ AIRPORT ,20,1200,1500,2300,4500
RAMPAR VEKRA,BHUJ AIRPORT ,20,1200,1500,2300,4500
NARAYAN SAROVAR,BHUJ AIRPORT ,160,3300,3800,4800,7000
MATANAMADH,BHUJ AIRPORT ,100,2500,2800,3600,5500
AHMEDABAD AIRPORT ,GANDHIDHAM,300,3800,4200,5500,10500
AHMEDABAD AIRPORT ,ADIPUR,300,3800,4200,5500,10500
AHMEDABAD AIRPORT ,ANJAR,300,3800,4200,5500,10500
AHMEDABAD AIRPORT ,MUNDRA,345,4000,4500,6000,13500
AHMEDABAD AIRPORT ,MANDVI,410,5000,5500,7000,16500
AHMEDABAD AIRPORT ,NALIYA,490,6000,6500,8000,19500
AHMEDABAD AIRPORT ,KANDLA PORT,300,3900,4500,5500,10500
AHMEDABAD AIRPORT ,MUNDRA PORT,345,4200,4800,6500,14500
AHMEDABAD AIRPORT ,KANDLA AIRPORT,300,3500,4200,5500,10500
AHMEDABAD AIRPORT ,NALIYA AIRFORCE,490,6000,6500,8000,19500
AHMEDABAD AIRPORT ,NALIYA COST GUARD,490,6000,6500,8000,19500
AHMEDABAD AIRPORT ,JAKHAU PORT,525,7000,7500,9000,22000
AHMEDABAD AIRPORT ,BHACHAU,300,3800,4300,5500,10500
AHMEDABAD AIRPORT ,SAMKHIYALI ,300,3800,4300,5500,10500
AHMEDABAD AIRPORT ,RAPAR,300,3800,4500,6000,12000
AHMEDABAD AIRPORT ,DHOLAVIRA,350,7000,7500,9000,16000
AHMEDABAD AIRPORT ,ADANI POWER PLANT,410,5000,5500,7000,16500
AHMEDABAD AIRPORT ,TATA SOLAR,410,5000,5500,7000,16500
AHMEDABAD AIRPORT ,BHUJ,345,4200,4500,5500,14500
AHMEDABAD AIRPORT ,NAKHATRANA,400,6000,6500,8000,16000
AHMEDABAD AIRPORT ,KERA,360,4500,5000,6000,16500
AHMEDABAD AIRPORT ,BALDIA,360,4500,5000,6000,16500
AHMEDABAD AIRPORT ,NARANPAR,360,4500,5000,6000,16500
AHMEDABAD AIRPORT ,RAMPAR VEKRA,360,4500,5000,6000,16500
AHMEDABAD AIRPORT ,NARAYAN SAROVAR,525,7000,7500,9000,22000
AHMEDABAD AIRPORT ,MATANAMADH,450,7000,7500,9000,16000
GANDHIDHAM,AHMEDABAD AIRPORT ,300,3800,4200,5500,10500
ADIPUR,AHMEDABAD AIRPORT ,300,3800,4200,5500,10500
ANJAR,AHMEDABAD AIRPORT ,300,3800,4200,5500,10500
MUNDRA,AHMEDABAD AIRPORT ,345,4000,4500,6000,13500
MANDVI,AHMEDABAD AIRPORT ,410,5000,5500,7000,16500
NALIYA,AHMEDABAD AIRPORT ,490,6000,6500,8000,19500
KANDLA PORT,AHMEDABAD AIRPORT ,300,3900,4500,5500,10500
MUNDRA PORT,AHMEDABAD AIRPORT ,345,4200,4800,6500,14500
KANDLA AIRPORT,AHMEDABAD AIRPORT ,300,3500,4200,5500,10500
NALIYA AIRFORCE,AHMEDABAD AIRPORT ,490,6000,6500,8000,19500
NALIYA COST GUARD,AHMEDABAD AIRPORT ,490,6000,6500,8000,19500
JAKHAU PORT,AHMEDABAD AIRPORT ,525,7000,7500,9000,22000
BHACHAU,AHMEDABAD AIRPORT ,300,3800,4300,5500,10500
SAMKHIYALI ,AHMEDABAD AIRPORT ,300,3800,4300,5500,10500
RAPAR,AHMEDABAD AIRPORT ,300,3800,4500,6000,12000
DHOLAVIRA,AHMEDABAD AIRPORT ,350,7000,7500,9000,16000
ADANI POWER PLANT,AHMEDABAD AIRPORT ,410,5000,5500,7000,16500
TATA SOLAR,AHMEDABAD AIRPORT ,410,5000,5500,7000,16500
BHUJ,AHMEDABAD AIRPORT ,345,4200,4500,5500,14500
NAKHATRANA,AHMEDABAD AIRPORT ,400,6000,6500,8000,16000
KERA,AHMEDABAD AIRPORT ,360,4500,5000,6000,16500
BALDIA,AHMEDABAD AIRPORT ,360,4500,5000,6000,16500
NARANPAR,AHMEDABAD AIRPORT ,360,4500,5000,6000,16500
RAMPAR VEKRA,AHMEDABAD AIRPORT ,360,4500,5000,6000,16500
NARAYAN SAROVAR,AHMEDABAD AIRPORT ,525,7000,7500,9000,22000
MATANAMADH,AHMEDABAD AIRPORT ,450,7000,7500,9000,16000
KANDLA AIRPORT,BHUJ,60,1600,1800,2500,4500
KANDLA AIRPORT,GANDHIDHAM,10,1000,1200,1800,2500
KANDLA AIRPORT,ANJAR,15,1000,1200,1800,2500
KANDLA AIRPORT,MUNDRA,50,1600,1800,2500,4500
KANDLA AIRPORT,AHMEDABAD AIRPORT ,300,3800,4200,5500,10500
KANDLA AIRPORT,AHMEDABAD ,300,3800,4200,5500,10500
KANDLA AIRPORT,RAJKOT,180,3200,3500,4500,7500
KANDLA AIRPORT,RAJKOT AIRPORT,210,3200,3500,4500,7500
KANDLA AIRPORT,MUMBAI,800,10500,11000,14000,22000
KANDLA AIRPORT,VADODARA ,430,5300,5500,7000,13000
KANDLA AIRPORT,PALANPUR ,325,4500,5000,6000,10000
KANDLA AIRPORT,MANDVI,100,2200,2500,3500,5500
KANDLA AIRPORT,DWARKA,450,6000,6500,8500,13500
KANDLA AIRPORT,SOMNATH,450,6000,6500,8500,13500
KANDLA AIRPORT,SURAT,550,7000,7500,9000,14000
KANDLA AIRPORT,ANAND,380,4800,5000,6000,10000
KANDLA AIRPORT,NADIYAD,365,4800,5000,6000,10000
KANDLA AIRPORT,DHOLAVIRA,200,4500,4800,6500,10000
KANDLA AIRPORT,NARAYAN SAROVAR,220,4500,4800,6500,10000
KANDLA AIRPORT,MATANAMADH,160,3500,3800,5000,7500
KANDLA AIRPORT,JUNAGADH,350,4500,5000,6000,10000
KANDLA AIRPORT,PUNE,915,13500,14000,18000,27000
KANDLA AIRPORT,KANDLA AIRPORT ,15,1000,1200,1800,2500
KANDLA AIRPORT,AHMEDABAD RAILWAY STATION,300,3800,4200,5500,10500
KANDLA AIRPORT,BHUJ AIPORT,60,1600,1800,2500,4500
KANDLA AIRPORT,BHUJ RAILWAY STATION,60,1600,1800,2500,4500
KANDLA AIRPORT,HIRASAR AIRPORT,210,3200,3500,4500,7500
KANDLA AIRPORT,JAMNAGAR,225,3500,3800,5000,9000
KANDLA AIRPORT,MORBI,160,3200,3500,4500,7500
KANDLA AIRPORT,WANKANER,185,3200,3500,4500,7500
KANDLA AIRPORT,CHOTILA,200,3200,3500,4500,7500
KANDLA AIRPORT,STATUE OF UNITY,500,6500,7000,9000,13000
KANDLA AIRPORT,BHAVNAGAR,390,4500,5000,6000,10000
KANDLA AIRPORT,MOUNT ABU,365,5000,5500,6500,10500
KANDLA AIRPORT,AMBAJI,350,4500,5000,6000,10000
KANDLA AIRPORT,ABU ROAD,355,4500,5000,6000,10000
KANDLA AIRPORT,VERAVAL RAILWAY STATION,450,6000,6500,8500,13500
KANDLA AIRPORT,GANDHIDHAM RAILWAY STATION,10,1000,1200,1800,2500
BHUJ,KANDLA AIRPORT,60,1600,1800,2500,4500
GANDHIDHAM,KANDLA AIRPORT,10,1000,1200,1800,2500
ANJAR,KANDLA AIRPORT,15,1000,1200,1800,2500
MUNDRA,KANDLA AIRPORT,50,1600,1800,2500,4500
AHMEDABAD AIRPORT ,KANDLA AIRPORT,300,3800,4200,5500,10500
AHMEDABAD ,KANDLA AIRPORT,300,3800,4200,5500,10500
RAJKOT,KANDLA AIRPORT,180,3200,3500,4500,7500
RAJKOT AIRPORT,KANDLA AIRPORT,210,3200,3500,4500,7500
MUMBAI,KANDLA AIRPORT,800,10500,11000,14000,22000
VADODARA ,KANDLA AIRPORT,430,5300,5500,7000,13000
PALANPUR ,KANDLA AIRPORT,325,4500,5000,6000,10000
MANDVI,KANDLA AIRPORT,100,2200,2500,3500,5500
DWARKA,KANDLA AIRPORT,450,6000,6500,8500,13500
SOMNATH,KANDLA AIRPORT,450,6000,6500,8500,13500
SURAT,KANDLA AIRPORT,550,7000,7500,9000,14000
ANAND,KANDLA AIRPORT,380,4800,5000,6000,10000
NADIYAD,KANDLA AIRPORT,365,4800,5000,6000,10000
DHOLAVIRA,KANDLA AIRPORT,200,4500,4800,6500,10000
NARAYAN SAROVAR,KANDLA AIRPORT,220,4500,4800,6500,10000
MATANAMADH,KANDLA AIRPORT,160,3500,3800,5000,7500
JUNAGADH,KANDLA AIRPORT,350,4500,5000,6000,10000
PUNE,KANDLA AIRPORT,915,13500,14000,18000,27000
KANDLA AIRPORT ,KANDLA AIRPORT,15,1000,1200,1800,2500
AHMEDABAD RAILWAY STATION,KANDLA AIRPORT,300,3800,4200,5500,10500
BHUJ AIPORT,KANDLA AIRPORT,60,1600,1800,2500,4500
BHUJ RAILWAY STATION,KANDLA AIRPORT,60,1600,1800,2500,4500
HIRASAR AIRPORT,KANDLA AIRPORT,210,3200,3500,4500,7500
JAMNAGAR,KANDLA AIRPORT,225,3500,3800,5000,9000
MORBI,KANDLA AIRPORT,160,3200,3500,4500,7500
WANKANER,KANDLA AIRPORT,185,3200,3500,4500,7500
CHOTILA,KANDLA AIRPORT,200,3200,3500,4500,7500
STATUE OF UNITY,KANDLA AIRPORT,500,6500,7000,9000,13000
BHAVNAGAR,KANDLA AIRPORT,390,4500,5000,6000,10000
MOUNT ABU,KANDLA AIRPORT,365,5000,5500,6500,10500
AMBAJI,KANDLA AIRPORT,350,4500,5000,6000,10000
ABU ROAD,KANDLA AIRPORT,355,4500,5000,6000,10000
VERAVAL RAILWAY STATION,KANDLA AIRPORT,450,6000,6500,8500,13500
GANDHIDHAM RAILWAY STATION,KANDLA AIRPORT,10,1000,1200,1800,2500
